id,target
1,163.18
2,159.15
3,136.34
4,175.25
5,128.31
6,128.15
7,133.53
8,162.56
9,127.4
10,127.72
11,139.02
12,125.32
13,169.36
14,177.92
15,173.76
16,135.42
17,134.79
18,125.76
19,168.19
20,135.06
21,173.31
22,168.93
23,165.69
24,160.32
25,168.79
26,165.98
27,177.78
28,131.87
29,146.98
30,178.72
31,134.93
32,177.97
33,164.52
34,178.81
35,161.57
36,152.31
37,123.09
38,137.05
39,169.6
40,148
41,167.54
42,164.79
43,150.75
44,144.15
45,170.65
46,171.2
47,122.44
48,167.27
49,154.04
50,147.4
51,136.06
52,175.44
53,165.71
54,141.98
55,126.1
56,165.98
57,148.47
58,153.31
59,170.79
60,136.14
61,171.26
62,177.09
63,142.67
64,167.61
65,131.83
66,163.07
67,124.66
68,141.39
69,173.47
70,163.88
71,140.59
72,143.65
73,141.42
74,137.45
75,158.12
76,161.93
77,140.81
78,156.23
79,146.12
80,156.08
81,124.74
82,161.63
83,140.43
84,141.89
85,171.79
86,176.41
87,140.79
88,142.84
89,150.79
90,130.87
91,141.37
92,137.86
93,145.67
94,132.17
95,173.15
96,167.71
97,133
98,161.71
99,123.19
100,145.33
101,131.82
102,138.47
103,166.2
104,160.97
105,155.33
106,178.83
107,159.26
108,139.52
109,154.41
110,146.07
111,146.5
112,153.29
113,136.12
114,164.7
115,157.79
116,161
117,148.49
118,147.3
119,164.28
120,167.29
121,124.55
122,175.7
123,150.65
124,144.42
125,178.9
126,148.99
127,145.68
128,157.54
129,165.17
130,160.9
131,146.73
132,143.62
133,164.64
134,168.17
135,129.16
136,157.39
137,147.29
138,179.15
139,159.33
140,144.91
141,171.08
142,135.42
143,126.08
144,175.51
145,135.42
146,142
147,151.93
148,122.52
149,166.42
150,152.92
151,138.22
152,168.32
153,139.13
154,147.11
155,146.08
156,177.06
157,161.36
158,178.63
159,156.87
160,169.16
161,125.89
162,123.29
163,163.77
164,133.95
165,128.25
166,175.13
167,161.91
168,168.03
169,123.3
170,134
171,133.65
172,127.58
173,138.44
174,140.06
175,168.5
176,155.49
177,177.15
178,135.4
179,129.76
180,146.12
181,123.65
182,143.83
183,130.5
184,171.72
185,130.17
186,134.69
187,152.4
188,139.04
189,137.15
190,167.85
191,165.79
192,133.05
193,147.58
194,162.73
195,164.46
196,143.87
197,172.61
198,179.49
199,144.05
200,124.77
201,171.24
202,147.07
203,138.13
204,142.59
205,163.58
206,133.13
207,173.7
208,140.82
209,169.27
210,139.63
211,160.03
212,146.04
213,154.28
214,159.79
215,153.51
216,155.14
217,129.88
218,138.08
219,152.31
220,143.85
221,140.63
222,151.81
223,161.33
224,169.5
225,129.86
226,131.96
227,153.33
228,161.87
229,134.46
230,135.24
231,175.15
232,168.88
233,145.19
234,166.25
235,146.36
236,122.99
237,171.26
238,153.31
239,122.66
240,133.95
241,132.21
242,154.27
243,170.57
244,131.8
245,131.11
246,150.73
247,167.71
248,141.82
249,152.97
250,160.7
251,174
252,170.06
253,141.06
254,170.73
255,155.33
256,125.97
257,149.62
258,137.17
259,131.72
260,138.62
261,167.3
262,147.43
263,152.84
264,175.68
265,172.28
266,159.6
267,159.98
268,149.11
269,134.26
270,123.77
271,125.93
272,136.19
273,130.9
274,132.78
275,122.33
276,160.07
277,171.73
278,155.39
279,157.38
280,178.85
281,125.36
282,143.97
283,164.64
284,122.64
285,161.93
286,164.13
287,125.29
288,135.99
289,155.44
290,135.47
291,154.02
292,150.51
293,126.25
294,152.53
295,132.53
296,160.67
297,158.19
298,137.63
299,134.28
300,140.83
301,170.06
302,147.34
303,125.16
304,170.34
305,151.64
306,148.14
307,176.72
308,137.53
309,158.5
310,161.32
311,127.23
312,175.21
313,166.04
314,150.56
315,171.08
316,167.86
317,139.85
318,171.35
319,174.31
320,144.07
321,129.63
322,160.42
323,127.31
324,149.87
325,138.29
326,129.81
327,171.48
328,129.06
329,149.38
330,122.23
331,178.22
332,136.17
333,149.78
334,124.81
335,129.27
336,178.48
337,149.83
338,139.61
339,142.56
340,158.82
341,179.9
342,172.79
343,128.3
344,162.39
345,165.88
346,158.41
347,126.05
348,138.8
349,137.04
350,173.85
351,146.24
352,170.22
353,171.57
354,156.27
355,131.82
356,155.53
357,160.56
358,128.51
359,166.14
360,172.12
361,164.93
362,159.68
363,149.54
364,178.31
365,133.11
366,176.14
367,141.72
368,178.71
369,124.7
370,150.32
371,150.83
372,170.56
373,163.22
374,145.45
375,134.38
376,156.35
377,150.74
378,169.47
379,168.36
380,160.58
381,126.82
382,174.12
383,130.47
384,178.32
385,135.52
386,167.43
387,177.35
388,123.02
389,165.63
390,158.04
391,147.28
392,162.61
393,170.52
394,149.05
395,128.51
396,171.06
397,126.69
398,175.72
399,160.03
400,135.64
401,151.78
402,173.08
403,147.98
404,155.68
405,146.39
406,177.56
407,176.27
408,176.86
409,160.01
410,160.52
411,176.88
412,133.44
413,154.2
414,158.95
415,160.26
416,144.65
417,142.71
418,127.28
419,136.98
420,131.77
421,140.95
422,150.57
423,146.43
424,176.18
425,172.46
426,127.52
427,135.56
428,176.88
429,146.26
430,147.13
431,159
432,164.5
433,144.1
434,141.46
435,129.91
436,125.04
437,125.4
438,147.96
439,139.72
440,176.45
441,153.02
442,127.07
443,171.73
444,173.01
445,122.62
446,154.21
447,161.04
448,138.76
449,174.35
450,154.33
451,139.3
452,153.89
453,161.71
454,165.98
455,125.82
456,174.33
457,141.85
458,125.35
459,151.62
460,173.08
461,129.83
462,131.43
463,164.85
464,171.22
465,125.61
466,150.21
467,144.52
468,124.97
469,147.54
470,174.3
471,123.91
472,146.06
473,124.33
474,158.67
475,159.39
476,124.84
477,153.09
478,135.32
479,154.28
480,168.03
481,135.38
482,176.5
483,164.66
484,140.37
485,150.29
486,157.86
487,176.2
488,124.74
489,161.3
490,174.86
491,164.48
492,169.15
493,137.34
494,163.22
495,146.34
496,138.08
497,152.89
498,149.72
499,128.76
500,172.07
501,176.07
502,140.14
503,140.84
504,144.35
505,134.1
506,151.6
507,171.22
508,154.19
509,151.99
510,149.56
511,156.48
512,145.63
513,142.59
514,172.36
515,160.73
516,166.79
517,171.55
518,171.96
519,122.89
520,143.29
521,133.89
522,158.41
523,132.81
524,167.15
525,140.89
526,162.41
527,163.6
528,169.08
529,178.6
530,175.14
531,131.47
532,170.84
533,129.14
534,159.57
535,173.13
536,158.47
537,138.17
538,131.12
539,147.75
540,159.06
541,172.4
542,122.67
543,150.48
544,126.25
545,125.32
546,136.56
547,130.66
548,165.98
549,150.59
550,147.81
551,144.25
552,178.49
553,130.78
554,133.11
555,130.03
556,122.12
557,137.66
558,167.14
559,165.86
560,177.08
561,144.4
562,146.02
563,168.93
564,135.62
565,152.46
566,153.12
567,172.03
568,155.55
569,145.87
570,130.98
571,145.58
572,146.54
573,166.05
574,161.16
575,167.01
576,122.54
577,126.12
578,160.6
579,135.02
580,179.7
581,167.87
582,156.27
583,170.89
584,149.58
585,140.89
586,152.4
587,168.2
588,162.86
589,139.5
590,156.42
591,172.29
592,124.37
593,170.73
594,167.52
595,130.69
596,144.58
597,152.26
598,152.9
599,155.32
600,156.81
601,165.96
602,144.32
603,147.79
604,129.35
605,155.54
606,147.96
607,135.36
608,123.91
609,134.54
610,122.68
611,161.89
612,168.71
613,175.31
614,135.16
615,127.23
616,138.09
617,128.52
618,141.85
619,142.29
620,144.71
621,175.81
622,175.58
623,131.44
624,144.44
625,152.86
626,162.08
627,130.56
628,166.16
629,126.88
630,134.85
631,135.61
632,179.77
633,167.77
634,135.85
635,166.21
636,123.45
637,147.28
638,164.71
639,140.37
640,128.32
641,130.3
642,169.4
643,136.12
644,142.74
645,139.58
646,153.55
647,162.14
648,147.17
649,155.61
650,140.02
651,165.3
652,123.46
653,160.38
654,127.37
655,168.64
656,161.06
657,138.37
658,143.14
659,141.59
660,153.05
661,169.02
662,133.93
663,178.51
664,125.08
665,149.7
666,149.68
667,161.9
668,148.91
669,179.78
670,167.01
671,160.02
672,143.56
673,122.77
674,133.47
675,151.24
676,132.96
677,163.98
678,153.32
679,136.54
680,130.08
681,160.34
682,170.07
683,158.65
684,149.11
685,155.32
686,147.53
687,149.82
688,129.9
689,135.09
690,154.08
691,165.88
692,166.23
693,177.7
694,146.41
695,146.4
696,140.57
697,147.44
698,168.33
699,179.15
700,149.19
701,146.01
702,140.64
703,131.45
704,160.8
705,162.57
706,173.68
707,174.93
708,136.49
709,153.23
710,175.18
711,123.53
712,147.41
713,154.22
714,177.97
715,132.79
716,176.96
717,143.72
718,171.08
719,151.44
720,123.96
721,132.64
722,131.93
723,155.9
724,150.37
725,152.65
726,125.38
727,131.07
728,152.7
729,137.33
730,174.07
731,143.2
732,132.23
733,141.8
734,127.63
735,140.38
736,166.6
737,140.61
738,150.4
739,141.29
740,157.51
741,140
742,123.36
743,134.26
744,138.2
745,122.13
746,174.05
747,175.57
748,169.8
749,142.89
750,158.96
751,166.91
752,137.52
753,141.64
754,140.94
755,127.44
756,156.82
757,169.24
758,129.08
759,148.93
760,141.54
761,159.23
762,134.09
763,147.89
764,147.71
765,140.31
766,176.52
767,137.79
768,159.09
769,160.64
770,165.2
771,132.01
772,162.33
773,163.03
774,147.2
775,177.03
776,147.83
777,123.29
778,160.41
779,143.47
780,132.89
781,158.38
782,177.38
783,149.07
784,132.46
785,177.42
786,168.66
787,150.5
788,145.99
789,156.3
790,170.92
791,129.59
792,174.88
793,158.21
794,124.6
795,147.11
796,164.67
797,166.19
798,140.68
799,155.13
800,166.7
801,142.47
802,164.28
803,164.34
804,164.52
805,161.49
806,154.31
807,147.75
808,137.02
809,166.56
810,131.39
811,149.1
812,122.33
813,155.77
814,163.13
815,157.82
816,143.37
817,131.34
818,165.84
819,136.97
820,170.33
821,156.82
822,152.49
823,144.1
824,179.1
825,154.36
826,158.76
827,132.69
828,149.14
829,161.77
830,164.84
831,140.21
832,166.65
833,145.17
834,164.32
835,156.92
836,144.06
837,168.8
838,130.17
839,151.04
840,123.47
841,126.78
842,129.34
843,165.02
844,175.72
845,179.32
846,124.06
847,128.78
848,134.89
849,140.81
850,139.25
851,152.72
852,170.06
853,134.22
854,150.63
855,134.06
856,163.14
857,150.62
858,149.61
859,178.87
860,150.98
861,152.89
862,157.57
863,122.11
864,164.68
865,164.04
866,130.18
867,133.74
868,179
869,141.56
870,167.52
871,169.09
872,150.4
873,145.8
874,135.31
875,124
876,170.48
877,155.65
878,145.74
879,165.31
880,173.43
881,143.64
882,153.68
883,159.22
884,135.38
885,141.16
886,175.46
887,173.27
888,136.32
889,158.91
890,138.3
891,140.67
892,158.56
893,149.32
894,142.37
895,156.14
896,137.91
897,134.35
898,153.3
899,161.49
900,125.6
901,150.89
902,139.48
903,146.48
904,123.45
905,165.68
906,130.12
907,158.36
908,159.84
909,151.32
910,174.61
911,141.27
912,127.55
913,149.38
914,164.34
915,159.99
916,124.82
917,143.85
918,179.99
919,172.86
920,134.31
921,176.51
922,158.24
923,175.73
924,177.01
925,150.71
926,160.27
927,129.96
928,144.78
929,179.98
930,172.8
931,130.76
932,158.95
933,124.31
934,166.14
935,134.3
936,153.65
937,127.53
938,133.61
939,154.1
940,164.45
941,153.89
942,137.36
943,178.29
944,179.93
945,172.58
946,126.13
947,166.72
948,153.12
949,124.86
950,144.67
951,164.68
952,138.32
953,177.71
954,133.89
955,154.36
956,124.77
957,122.79
958,174.44
959,144.88
960,133.7
961,135.51
962,155.78
963,138.35
964,156.39
965,154.16
966,147.84
967,128.2
968,159.96
969,142.66
970,128.19
971,163.52
972,154.44
973,133.54
974,170.48
975,127.11
976,171.5
977,123.19
978,176.92
979,138.47
980,159.75
981,130.35
982,174.78
983,179.51
984,159.47
985,145.3
986,174.17
987,140.06
988,138.4
989,127.99
990,173.02
991,139.19
992,147.55
993,154.54
994,174.92
995,146.73
996,165.25
997,179.39
998,150.03
999,130.84
1000,162.76
1001,136.48
1002,131.93
1003,149.6
1004,137.86
1005,174.77
1006,158.39
1007,151.93
1008,173.37
1009,157.02
1010,149.52
1011,170.7
1012,157.34
1013,146.83
1014,141.55
1015,157.98
1016,123.05
1017,149.87
1018,129.07
1019,123.17
1020,134.01
1021,161.93
1022,176.57
1023,157.4
1024,154.63
1025,143.42
1026,122.11
1027,124.12
1028,156.53
1029,177.21
1030,126.68
1031,146.54
1032,136.97
1033,176.06
1034,146.96
1035,176.91
1036,123.28
1037,169.09
1038,122.34
1039,173.88
1040,123.44
1041,143.24
1042,161.84
1043,149.6
1044,150.95
1045,146.17
1046,140.63
1047,165.9
1048,164.38
1049,150.33
1050,169.68
1051,158.38
1052,132.56
1053,154.49
1054,126.41
1055,132.01
1056,156.29
1057,122.34
1058,165.76
1059,165.12
1060,174.35
1061,176.42
1062,135.7
1063,177.59
1064,127.49
1065,122.02
1066,166.76
1067,144.61
1068,167.32
1069,123.5
1070,129.69
1071,138.15
1072,129.72
1073,143.87
1074,147.88
1075,163.74
1076,132.69
1077,156.01
1078,176.01
1079,162.28
1080,138.68
1081,125.9
1082,154.18
1083,160.81
1084,128.62
1085,151.59
1086,135.21
1087,169.9
1088,160.33
1089,173.89
1090,125.92
1091,151.5
1092,127.53
1093,162.93
1094,160.91
1095,148.46
1096,149.17
1097,123.24
1098,166.24
1099,139.82
1100,136.96
1101,141.42
1102,156.58
1103,123.82
1104,178.92
1105,132.02
1106,151.12
1107,136.72
1108,169.71
1109,129.92
1110,169.94
1111,140.79
1112,150.7
1113,145.45
1114,131.94
1115,156.9
1116,153.43
1117,142.15
1118,144.85
1119,146.66
1120,122.48
1121,163.39
1122,171.73
1123,158.49
1124,132.36
1125,177
1126,159.68
1127,136.75
1128,153.98
1129,132.8
1130,158.38
1131,171.73
1132,137.99
1133,176.55
1134,153.91
1135,134
1136,156.94
1137,138.73
1138,174.47
1139,157.17
1140,179.52
1141,126.65
1142,138.38
1143,134.98
1144,166.9
1145,153.92
1146,169.62
1147,140.48
1148,147.89
1149,153.84
1150,161.38
1151,163.73
1152,143.75
1153,136.92
1154,151.84
1155,135.68
1156,153.27
1157,150.99
1158,159.32
1159,157.47
1160,135.92
1161,149.73
1162,136.5
1163,172.31
1164,129.92
1165,164.04
1166,134.82
1167,146.2
1168,171.08
1169,142.03
1170,149.81
1171,144.77
1172,173.26
1173,172.73
1174,174.25
1175,156.92
1176,156.38
1177,175.04
1178,165.96
1179,141.34
1180,158.75
1181,127.34
1182,151.25
1183,130.37
1184,172.13
1185,156.24
1186,145.48
1187,131.95
1188,146.51
1189,153.51
1190,132.13
1191,148.76
1192,146.63
1193,130.74
1194,127.57
1195,178.11
1196,168.96
1197,124.64
1198,127.31
1199,125.9
1200,136.47
1201,144.57
1202,137.63
1203,143.66
1204,161.6
1205,171.92
1206,124.31
1207,169.67
1208,145.25
1209,136.58
1210,159.77
1211,126.55
1212,140.44
1213,158.53
1214,169.11
1215,141.53
1216,136.64
1217,165.8
1218,138.66
1219,152.57
1220,158.28
1221,135.53
1222,132.85
1223,134.52
1224,167.64
1225,136.39
1226,147.66
1227,148.68
1228,161.77
1229,161.77
1230,133.67
1231,159.82
1232,144.66
1233,136.07
1234,122.15
1235,148.22
1236,138.11
1237,179.6
1238,144.48
1239,158.96
1240,161.24
1241,171.87
1242,164.12
1243,123.09
1244,157.03
1245,168.16
1246,179
1247,133.85
1248,164
1249,160.6
1250,132.36
1251,132.86
1252,155.46
1253,170.47
1254,168.63
1255,129.4
1256,170.18
1257,166.19
1258,147.98
1259,139.85
1260,163.51
1261,160.76
1262,149.7
1263,143.39
1264,150.99
1265,177.94
1266,134.86
1267,130.77
1268,159.65
1269,133.98
1270,172.83
1271,151.21
1272,149.46
1273,174.75
1274,122.57
1275,152.85
1276,148.47
1277,152.32
1278,123.25
1279,161.64
1280,138.35
1281,160.81
1282,141.24
1283,177.37
1284,159.45
1285,167.61
1286,160.42
1287,144.04
1288,122.42
1289,137.85
1290,155.18
1291,176.14
1292,169.71
1293,157.16
1294,159.73
1295,149.97
1296,142.64
1297,166.53
1298,138.88
1299,124.19
1300,146.02
1301,168.64
1302,129.17
1303,142.03
1304,122.55
1305,137.29
1306,175.18
1307,133.43
1308,125.29
1309,162.76
1310,176.22
1311,134.03
1312,166.98
1313,147.16
1314,152.76
1315,177.46
1316,154.52
1317,158.61
1318,166.18
1319,133.64
1320,138.39
1321,143.01
1322,135.47
1323,154.93
1324,157.57
1325,130.18
1326,164.24
1327,124.26
1328,133.24
1329,175.52
1330,160.2
1331,170.27
1332,129.87
1333,146.8
1334,146.33
1335,175.91
1336,167.94
1337,150.36
1338,163.42
1339,126.95
1340,151.16
1341,172.93
1342,175.44
1343,174.75
1344,169.04
1345,129.74
1346,153.3
1347,147.82
1348,142.46
1349,149.34
1350,131.5
1351,131.58
1352,151.66
1353,130.49
1354,167.18
1355,174.87
1356,153.56
1357,125.4
1358,149.28
1359,126.8
1360,174.11
1361,155.63
1362,122.79
1363,122.2
1364,123.27
1365,136.8
1366,134.79
1367,166.41
1368,178.2
1369,137.48
1370,168.89
1371,149.88
1372,160.93
1373,126.71
1374,130.56
1375,171.85
1376,166.52
1377,132.21
1378,154.19
1379,140.42
1380,127.94
1381,174.47
1382,168.86
1383,165.21
1384,140.58
1385,147.78
1386,177.9
1387,141.42
1388,153.41
1389,166.22
1390,138.53
1391,129.85
1392,140.17
1393,129.72
1394,125.02
1395,178.87
1396,136.91
1397,151
1398,172.72
1399,145.82
1400,135.81
1401,134.11
1402,177.65
1403,173.21
1404,144.96
1405,142.73
1406,139.04
1407,145.3
1408,122.28
1409,162.53
1410,165.97
1411,167.69
1412,163.77
1413,152.03
1414,175.57
1415,159.12
1416,144.02
1417,153.79
1418,127.95
1419,174.66
1420,130.49
1421,123.66
1422,123.47
1423,163.67
1424,131.05
1425,145.3
1426,130.39
1427,152.41
1428,155.58
1429,126.6
1430,144.45
1431,152.96
1432,170.11
1433,171.2
1434,154.32
1435,145.98
1436,168.77
1437,161.01
1438,172.47
1439,157.47
1440,169.61
1441,147.77
1442,123.96
1443,122.13
1444,169.4
1445,140.27
1446,163.04
1447,147.3
1448,153.88
1449,157.43
1450,122.93
1451,128.11
1452,142.22
1453,160.55
1454,178.92
1455,176.64
1456,130.66
1457,170.49
1458,129.96
1459,129.26
1460,157.81
1461,161.63
1462,164.37
1463,153.97
1464,133.68
1465,174.83
1466,133.19
1467,127.5
1468,139.96
1469,140.76
1470,175.86
1471,176.34
1472,153.14
1473,166.01
1474,155.02
1475,162.51
1476,165.72
1477,134.96
1478,159.93
1479,169.62
1480,163.9
1481,172.37
1482,134.45
1483,166.61
1484,132.21
1485,179.47
1486,166.57
1487,159.11
1488,131.16
1489,123.17
1490,175.04
1491,147.69
1492,148.92
1493,168.69
1494,123
1495,177.81
1496,161.45
1497,171.92
1498,127.83
1499,144.21
1500,160.56
1501,150.06
1502,172.55
1503,143.61
1504,172.85
1505,157.61
1506,128.34
1507,123.16
1508,176.86
1509,130.67
1510,148.08
1511,163.46
1512,158.58
1513,166.32
1514,145.57
1515,157.24
1516,131.41
1517,157.86
1518,136.71
1519,134.87
1520,145.36
1521,163.79
1522,178.56
1523,124.8
1524,168.43
1525,156.49
1526,173
1527,154.31
1528,176.04
1529,177.76
1530,125.19
1531,157.27
1532,127.51
1533,136.97
1534,166.03
1535,166.36
1536,157.18
1537,149.35
1538,174.56
1539,166.2
1540,175.02
1541,122.14
1542,131.29
1543,170.42
1544,154.5
1545,143.36
1546,153.87
1547,150.9
1548,178.94
1549,144.61
1550,157.19
1551,135.23
1552,150.97
1553,165.69
1554,163.57
1555,134.95
1556,160.92
1557,150.07
1558,155
1559,127.92
1560,165.74
1561,126.05
1562,159.38
1563,167.15
1564,171.26
1565,156.65
1566,129.22
1567,174.53
1568,160.9
1569,169.33
1570,142.22
1571,173
1572,167.66
1573,128.31
1574,135.1
1575,137.08
1576,170.19
1577,145.3
1578,139.16
1579,145.73
1580,150.37
1581,140.92
1582,125.25
1583,135.96
1584,168.39
1585,161.2
1586,164.54
1587,131.5
1588,150.03
1589,142.85
1590,130.18
1591,155.88
1592,137.07
1593,133.8
1594,151.77
1595,138.75
1596,130.45
1597,133.27
1598,169.99
1599,122.79
1600,151.79
1601,176.53
1602,151.4
1603,170.91
1604,163.37
1605,166.17
1606,162.03
1607,178.59
1608,172.78
1609,151.81
1610,137.31
1611,151.22
1612,178.34
1613,170.58
1614,155.28
1615,172.97
1616,147.11
1617,140.21
1618,135.89
1619,155.59
1620,126.72
1621,150.14
1622,132.54
1623,134.06
1624,169.33
1625,141.72
1626,176.51
1627,158.28
1628,178.19
1629,155.98
1630,140.85
1631,136.6
1632,137.86
1633,135.52
1634,128.47
1635,157.01
1636,126.07
1637,127.95
1638,151.27
1639,175.03
1640,175.28
1641,158.29
1642,145.34
1643,169.4
1644,129.46
1645,132.8
1646,143.86
1647,165.95
1648,143.05
1649,169.07
1650,171.45
1651,147.12
1652,143.89
1653,155.37
1654,179.77
1655,155.9
1656,172.58
1657,151.99
1658,123.77
1659,128.47
1660,168.56
1661,137.51
1662,129.48
1663,157.86
1664,127.27
1665,178.33
1666,128.91
1667,140.88
1668,178.07
1669,142.09
1670,151.66
1671,130.87
1672,167.83
1673,142.69
1674,142.13
1675,168.69
1676,127.32
1677,145.82
1678,134.44
1679,133.74
1680,125.54
1681,158.79
1682,172.42
1683,138.05
1684,149.64
1685,166.42
1686,132.41
1687,143.06
1688,155.93
1689,177.01
1690,165.84
1691,166.87
1692,132.68
1693,153.95
1694,172.08
1695,151.96
1696,177.75
1697,153.94
1698,146.31
1699,176.38
1700,123.98
1701,133.62
1702,149.36
1703,168.31
1704,145.25
1705,156.06
1706,130.4
1707,142.09
1708,147.62
1709,160.57
1710,152.34
1711,131.71
1712,158.17
1713,159.95
1714,174.38
1715,173.84
1716,169.32
1717,133.38
1718,151.03
1719,154.79
1720,156.95
1721,160.32
1722,163.05
1723,176.79
1724,167.77
1725,140.96
1726,168.92
1727,150
1728,155.09
1729,158.88
1730,160.56
1731,169.96
1732,156.29
1733,137.76
1734,164.22
1735,147.94
1736,143.68
1737,135.88
1738,128.63
1739,142.47
1740,134.8
1741,152.92
1742,173.37
1743,122.49
1744,162.54
1745,161.6
1746,168.8
1747,159.58
1748,124.51
1749,160.26
1750,136.67
1751,127.98
1752,142.74
1753,161.75
1754,165.32
1755,153
1756,163.28
1757,131.93
1758,141.77
1759,135.24
1760,137.46
1761,150
1762,141.32
1763,177.07
1764,150.79
1765,138.11
1766,179.78
1767,151.3
1768,144.76
1769,169.33
1770,139.82
1771,154.47
1772,130.76
1773,134.77
1774,125.68
1775,138.86
1776,139.9
1777,150.72
1778,139.52
1779,147.29
1780,146.12
1781,178.56
1782,125.16
1783,137.99
1784,162.02
1785,143.9
1786,135.45
1787,135.27
1788,172.78
1789,147.91
1790,163.63
1791,173.19
1792,127.08
1793,136.75
1794,177.21
1795,171.13
1796,122.06
1797,128.78
1798,149.47
1799,176.42
1800,138.61
1801,144.52
1802,178.97
1803,146.74
1804,160.13
1805,146.55
1806,123.9
1807,139.58
1808,163.03
1809,128.62
1810,169.07
1811,178.72
1812,142.96
1813,144.16
1814,166.82
1815,168.65
1816,124.38
1817,156.13
1818,137.85
1819,122.31
1820,153.8
1821,129.41
1822,165.45
1823,138.44
1824,130.52
1825,133.98
1826,176.32
1827,126.35
1828,124.02
1829,139.99
1830,146.07
1831,141.13
1832,130.02
1833,162.32
1834,162.25
1835,169.28
1836,171.85
1837,160.8
1838,168.65
1839,177.77
1840,144.38
1841,138.14
1842,167.64
1843,171.12
1844,143.68
1845,151.55
1846,167.3
1847,140.83
1848,131.62
1849,161.88
1850,137.87
1851,156.85
1852,137.19
1853,153.61
1854,122.15
1855,144.2
1856,147.91
1857,159.86
1858,147.92
1859,173.06
1860,176.14
1861,125.31
1862,124.59
1863,138.87
1864,155.02
1865,175.68
1866,143.87
1867,175.28
1868,156.75
1869,164.59
1870,153.83
1871,174.09
1872,131.11
1873,172.65
1874,160.67
1875,148.69
1876,150.93
1877,149.72
1878,135.49
1879,157.34
1880,138.43
1881,169.54
1882,176.35
1883,142.1
1884,142.74
1885,161.56
1886,143.66
1887,161.09
1888,148.26
1889,140.29
1890,140.69
1891,127.86
1892,133.53
1893,173.18
1894,162.39
1895,174.24
1896,134.46
1897,146.26
1898,132.68
1899,130.53
1900,122.35
1901,175.39
1902,147.14
1903,179.95
1904,138.91
1905,134.05
1906,130.21
1907,137.79
1908,172.68
1909,132.35
1910,131.46
1911,132.17
1912,157.12
1913,148.46
1914,134.24
1915,139.92
1916,162.87
1917,150.91
1918,166.52
1919,127.58
1920,161.16
1921,173.54
1922,133.61
1923,163.55
1924,146.89
1925,127.61
1926,152.67
1927,131.31
1928,142.79
1929,125.05
1930,137.05
1931,173.24
1932,123.62
1933,156.89
1934,145.13
1935,139.66
1936,151.73
1937,167.92
1938,156.14
1939,176.46
1940,171.73
1941,131.29
1942,151.53
1943,164.02
1944,164.03
1945,143.66
1946,176.29
1947,175.12
1948,153.38
1949,179.19
1950,179.76
1951,130.68
1952,164.69
1953,140.09
1954,164.22
1955,159.6
1956,137.74
1957,155.37
1958,134.59
1959,176.96
1960,122.95
1961,146.99
1962,140.33
1963,162.21
1964,177.99
1965,162.22
1966,166.46
1967,158.1
1968,143.42
1969,128.98
1970,164.63
1971,177.06
1972,143.64
1973,160.39
1974,165.39
1975,170.82
1976,174.22
1977,156.46
1978,141.51
1979,142.29
1980,174.38
1981,136.11
1982,175.26
1983,129.36
1984,125.3
1985,167.52
1986,145.93
1987,155.95
1988,122.7
1989,131.57
1990,143.74
1991,165.72
1992,169.89
1993,130.19
1994,161.35
1995,169.95
1996,173.78
1997,142.85
1998,166.72
1999,150.33
2000,140.59
2001,122.5
2002,126.23
2003,166.29
2004,175.05
2005,147.78
2006,175.93
2007,126.54
2008,140.41
2009,153.64
2010,133.12
2011,123.69
2012,162.43
2013,152.48
2014,158.53
2015,145.61
2016,148.19
2017,155.47
2018,133.38
2019,146.37
2020,176.71
2021,157.01
2022,178.63
2023,132.44
2024,123.59
2025,131.67
2026,154.96
2027,125.65
2028,144.63
2029,168.31
2030,161.72
2031,141.14
2032,178.49
2033,159.27
2034,161.27
2035,157.14
2036,123.41
2037,165.35
2038,160.27
2039,155.99
2040,135.57
2041,131.93
2042,129.96
2043,176.72
2044,127.91
2045,149.39
2046,148.58
2047,146.71
2048,176.66
2049,169.71
2050,137.01
2051,142.96
2052,176.54
2053,142.34
2054,157.05
2055,162.91
2056,154.01
2057,126.68
2058,123.71
2059,178.3
2060,149.73
2061,175.03
2062,141.03
2063,129.66
2064,139.26
2065,136.36
2066,176.69
2067,177.7
2068,164.82
2069,150.74
2070,157.64
2071,164.13
2072,159.93
2073,125.92
2074,170.96
2075,123.17
2076,127.72
2077,124.59
2078,171.93
2079,177.08
2080,150.62
2081,177.01
2082,172.64
2083,129.42
2084,151.56
2085,128.41
2086,153.31
2087,168.45
2088,148.92
2089,164.67
2090,136.12
2091,122.1
2092,152.37
2093,162.1
2094,158.73
2095,125.47
2096,168.76
2097,147.4
2098,168.1
2099,169.93
2100,140
2101,132.83
2102,153.57
2103,149.53
2104,174.23
2105,175.5
2106,171.16
2107,167.93
2108,158.22
2109,132.72
2110,141.86
2111,123.77
2112,162.29
2113,134.39
2114,143
2115,171.95
2116,147.11
2117,158.33
2118,173.09
2119,164.22
2120,177.63
2121,179.35
2122,163.46
2123,137.74
2124,130.44
2125,161.18
2126,152.67
2127,130.62
2128,148.05
2129,123.15
2130,168.67
2131,152.68
2132,135.59
2133,151.03
2134,129.35
2135,157.82
2136,158.85
2137,166.27
2138,129.11
2139,141.07
2140,128.35
2141,171.27
2142,126.5
2143,139.92
2144,142.93
2145,176.07
2146,131
2147,160.25
2148,139.26
2149,177.69
2150,138.77
2151,179.12
2152,164.06
2153,150.63
2154,148.28
2155,155.91
2156,148.22
2157,134.61
2158,126.6
2159,168.01
2160,150.71
2161,149.7
2162,149.37
2163,138.94
2164,149.55
2165,176.61
2166,151.96
2167,159.53
2168,169.28
2169,167.48
2170,162.21
2171,147.02
2172,140.06
2173,135.09
2174,144.91
2175,156.54
2176,146.74
2177,171.18
2178,150.42
2179,145.6
2180,126.33
2181,148.81
2182,137.79
2183,150.4
2184,169.9
2185,167.78
2186,137.68
2187,174.46
2188,131.73
2189,178.73
2190,164.5
2191,164.62
2192,147.75
2193,160.96
2194,158.51
2195,130.97
2196,146.66
2197,150.59
2198,173.76
2199,162.97
2200,165.26
2201,171.99
2202,137.67
2203,131.37
2204,133.11
2205,164.85
2206,133.99
2207,152.32
2208,131.65
2209,161.26
2210,139.37
2211,158.5
2212,146.77
2213,140.34
2214,174.89
2215,145.06
2216,175
2217,138.94
2218,146.57
2219,122.95
2220,149.07
2221,170.7
2222,155.76
2223,126.04
2224,156.26
2225,131.51
2226,134.82
2227,149.12
2228,128.42
2229,123.06
2230,136.82
2231,147.21
2232,178.62
2233,175.26
2234,143.45
2235,126.93
2236,142.2
2237,174.57
2238,167.85
2239,155.23
2240,145.03
2241,169.73
2242,150.5
2243,168.73
2244,124.46
2245,136.24
2246,157.4
2247,168.04
2248,135.1
2249,174.04
2250,170.31
2251,154.56
2252,177.85
2253,156
2254,162.06
2255,123.57
2256,165.95
2257,138.71
2258,178.12
2259,175.32
2260,156.34
2261,162.4
2262,152.63
2263,130.22
2264,167.24
2265,149.36
2266,136.9
2267,170.74
2268,138.43
2269,140.6
2270,154.87
2271,158.59
2272,130.36
2273,148.87
2274,154.51
2275,150
2276,128.3
2277,168.71
2278,163.5
2279,170.04
2280,126.97
2281,154.71
2282,122.17
2283,167.02
2284,169.92
2285,165.01
2286,141
2287,129.51
2288,172.98
2289,178.3
2290,178.24
2291,163.2
2292,147.92
2293,122.27
2294,144.93
2295,134.61
2296,177.14
2297,154.69
2298,165.01
2299,125.33
2300,167.55
2301,130.5
2302,172.78
2303,151.79
2304,146.95
2305,154.17
2306,152.23
2307,132.99
2308,140.36
2309,149.84
2310,171.76
2311,160.69
2312,150.16
2313,138.24
2314,139.23
2315,167.05
2316,176.78
2317,149.93
2318,134.97
2319,157.27
2320,177.82
2321,159.12
2322,146.09
2323,141.02
2324,155.72
2325,140.62
2326,135.24
2327,131.66
2328,154.59
2329,165.09
2330,142.86
2331,126.71
2332,148.19
2333,155.85
2334,167.77
2335,161.25
2336,146.56
2337,144.57
2338,178.51
2339,178.12
2340,178.6
2341,124.27
2342,165.03
2343,142.11
2344,169.28
2345,163.79
2346,177.65
2347,154.59
2348,147.59
2349,142.35
2350,161.65
2351,138.3
2352,159.16
2353,157.25
2354,144.82
2355,122.94
2356,125.82
2357,126.03
2358,128.13
2359,155.41
2360,174.9
2361,168.48
2362,158.59
2363,132.69
2364,145.23
2365,177.68
2366,134.37
2367,175.21
2368,169.55
2369,139.19
2370,171.53
2371,173.26
2372,150.6
2373,162.41
2374,140.75
2375,143.79
2376,134.29
2377,158.54
2378,129.16
2379,163.67
2380,165.85
2381,157.57
2382,130.07
2383,177.84
2384,147.73
2385,143.2
2386,172.61
2387,155.44
2388,122.01
2389,129.3
2390,158.31
2391,152.97
2392,143.87
2393,155.24
2394,141.06
2395,159.65
2396,152.59
2397,129.7
2398,154.95
2399,145.74
2400,138.09
2401,144.95
2402,131.96
2403,158.85
2404,164.44
2405,134.93
2406,176.96
2407,127.34
2408,127.99
2409,138.81
2410,130.19
2411,145.05
2412,142.71
2413,143.68
2414,137.69
2415,128.1
2416,142.86
2417,143.81
2418,171.51
2419,155.79
2420,168.98
2421,128.46
2422,151.8
2423,150.57
2424,163.7
2425,141.73
2426,146.65
2427,138.66
2428,173.44
2429,155.24
2430,156.7
2431,179.2
2432,149.69
2433,163.53
2434,150.65
2435,173.01
2436,150.39
2437,147.81
2438,173.17
2439,132.73
2440,142.52
2441,122.59
2442,146.43
2443,157.79
2444,177.93
2445,172.18
2446,171.34
2447,145.01
2448,148.66
2449,134.94
2450,143.4
2451,130.23
2452,145.78
2453,174.91
2454,132.81
2455,161.49
2456,136.42
2457,179.44
2458,157.25
2459,156.13
2460,168.14
2461,161.17
2462,158.99
2463,127.5
2464,152.16
2465,153.12
2466,123.96
2467,156.89
2468,159.99
2469,136.37
2470,158.22
2471,158.66
2472,157.54
2473,168.17
2474,172.47
2475,172.49
2476,172.31
2477,145.83
2478,136.09
2479,176.06
2480,140.73
2481,148.56
2482,159.98
2483,142.71
2484,129
2485,160.49
2486,169.51
2487,157.13
2488,149.73
2489,167.34
2490,169.72
2491,129.19
2492,146.33
2493,170.47
2494,144.44
2495,161.43
2496,126.24
2497,153.51
2498,129.49
2499,123.23
2500,126.77
2501,124.48
2502,134.55
2503,146.41
2504,168.91
2505,139.85
2506,145.88
2507,163.91
2508,135.46
2509,160.57
2510,162.77
2511,150.2
2512,131.55
2513,126.08
2514,168.68
2515,127.61
2516,162.62
2517,160.99
2518,179.97
2519,126.95
2520,175.41
2521,157.27
2522,128.4
2523,158.05
2524,127.68
2525,149.66
2526,163.49
2527,139.16
2528,130.98
2529,144.86
2530,136.95
2531,123.03
2532,153.8
2533,179.98
2534,142.34
2535,133.04
2536,132.64
2537,165.18
2538,149
2539,137.2
2540,146.55
2541,148.28
2542,154.86
2543,156.37
2544,154.28
2545,167.48
2546,138.12
2547,139.71
2548,137.45
2549,168.5
2550,164.43
2551,159.8
2552,161.02
2553,170.19
2554,128.15
2555,140.23
2556,131.15
2557,172.97
2558,147.87
2559,140.14
2560,144.18
2561,165.77
2562,171.25
2563,138.53
2564,125.93
2565,175.5
2566,125.77
2567,131.3
2568,132.3
2569,178.91
2570,122.19
2571,170.49
2572,153.7
2573,154.79
2574,147.2
2575,179.49
2576,167.68
2577,133.58
2578,123.77
2579,153.3
2580,125.31
2581,153.06
2582,168
2583,175.82
2584,160.78
2585,159.27
2586,148.38
2587,151.37
2588,167.45
2589,143.09
2590,155.48
2591,165.63
2592,173.3
2593,169.91
2594,155.08
2595,129.01
2596,126.89
2597,148.45
2598,177.76
2599,146.58
2600,161.55
2601,132.16
2602,149.46
2603,140.26
2604,151.45
2605,124.31
2606,129.71
2607,141.1
2608,156.87
2609,122.55
2610,168.37
2611,174.55
2612,128.68
2613,151.68
2614,131.42
2615,123.4
2616,145.58
2617,156.91
2618,127.92
2619,137.72
2620,133.92
2621,150.99
2622,150.63
2623,169.87
2624,148.29
2625,141.01
2626,136.25
2627,152.68
2628,143.51
2629,165.15
2630,131.5
2631,147.81
2632,146.2
2633,149.09
2634,171.17
2635,128.27
2636,129.6
2637,175.21
2638,126.84
2639,132.73
2640,158.3
2641,158.78
2642,124.67
2643,156.64
2644,165
2645,169.94
2646,144.56
2647,137.48
2648,153.28
2649,176.76
2650,127.39
2651,177.99
2652,136.62
2653,157.85
2654,143.27
2655,122.28
2656,146.1
2657,173.01
2658,167.95
2659,145.42
2660,156.9
2661,136.73
2662,130.67
2663,125.26
2664,124
2665,152.52
2666,176.5
2667,140.43
2668,152.06
2669,157.54
2670,175.17
2671,153.73
2672,178.02
2673,134.05
2674,141.42
2675,176.69
2676,176.24
2677,128.58
2678,170.32
2679,168.41
2680,150.43
2681,155.34
2682,171.39
2683,142.23
2684,154.4
2685,135.76
2686,148.97
2687,149.93
2688,145.37
2689,153.65
2690,159.36
2691,142.81
2692,122.75
2693,152.55
2694,175.17
2695,160.55
2696,174.38
2697,138.3
2698,153.15
2699,130.69
2700,147.76
2701,175.38
2702,131.3
2703,173.7
2704,148.8
2705,147.93
2706,155.96
2707,157.4
2708,159.13
2709,139.06
2710,126.4
2711,178.71
2712,156.76
2713,169.43
2714,142.69
2715,124.6
2716,127.26
2717,126.99
2718,136.27
2719,163.16
2720,167.92
2721,145.06
2722,171.17
2723,135.32
2724,157.2
2725,169.9
2726,157.87
2727,168.16
2728,154.2
2729,132.12
2730,172.26
2731,152.76
2732,173.27
2733,125.46
2734,172.42
2735,154.29
2736,123.42
2737,158.22
2738,131.88
2739,145.93
2740,163.36
2741,133.79
2742,153.23
2743,160.54
2744,161.3
2745,172.92
2746,149.62
2747,154.08
2748,149.28
2749,127.48
2750,128.46
2751,138.06
2752,140.52
2753,153.66
2754,144.8
2755,127.29
2756,123.97
2757,162.45
2758,149.85
2759,146
2760,137.36
2761,153.38
2762,179.57
2763,173.44
2764,134.94
2765,127.26
2766,152.51
2767,142.63
2768,130.46
2769,141.12
2770,130.3
2771,174.45
2772,164.69
2773,141.83
2774,135.81
2775,139.65
2776,155.37
2777,140.97
2778,138.57
2779,137.05
2780,125.28
2781,139.07
2782,128.15
2783,178.41
2784,155.81
2785,175.17
2786,125.69
2787,126.14
2788,140.99
2789,171.92
2790,153.34
2791,140.63
2792,148.42
2793,133.95
2794,167.37
2795,147.12
2796,170.36
2797,135.62
2798,131.18
2799,149.14
2800,157.68
2801,165.44
2802,135.23
2803,160.03
2804,156
2805,165.69
2806,176.28
2807,148.79
2808,122.13
2809,170.35
2810,160
2811,127.03
2812,179.27
2813,159.06
2814,175.06
2815,170.81
2816,155.19
2817,170.26
2818,125.12
2819,179.86
2820,134.48
2821,175.51
2822,132.51
2823,177.84
2824,129.48
2825,154.91
2826,161.47
2827,131.89
2828,138.47
2829,154.25
2830,174.96
2831,130.01
2832,157.96
2833,139.09
2834,128.69
2835,169.41
2836,159.03
2837,162.1
2838,164.17
2839,143.95
2840,176.49
2841,167.29
2842,160.01
2843,132.5
2844,144.38
2845,123.84
2846,164.8
2847,171.64
2848,177.59
2849,150.74
2850,152.52
2851,157.72
2852,125.46
2853,171.88
2854,156.93
2855,156.35
2856,176.69
2857,172.56
2858,166.69
2859,139.55
2860,175.1
2861,153.91
2862,159.47
2863,173.67
2864,163.01
2865,157
2866,168.2
2867,156.32
2868,137.47
2869,124.54
2870,144.23
2871,145.38
2872,161.34
2873,137.89
2874,173.25
2875,157.96
2876,172.58
2877,169.06
2878,152.61
2879,163.2
2880,156.4
2881,147.39
2882,142.96
2883,132.17
2884,160.1
2885,172.39
2886,138.67
2887,172.03
2888,123.13
2889,173.22
2890,135.09
2891,162.64
2892,157.03
2893,179.06
2894,159.16
2895,126.16
2896,176.94
2897,134.61
2898,139.97
2899,137.03
2900,161.71
2901,142.19
2902,126.74
2903,167.87
2904,174.22
2905,149.83
2906,178.76
2907,155.65
2908,173.21
2909,169.18
2910,151.85
2911,166.42
2912,179.5
2913,143.17
2914,125.54
2915,157.63
2916,160.93
2917,163.04
2918,146.28
2919,177.5
2920,129.16
2921,122.85
2922,123.41
2923,168.66
2924,126.16
2925,130.18
2926,163.69
2927,178.85
2928,148.64
2929,136.32
2930,170.69
2931,140.1
2932,179.64
2933,133.75
2934,132.52
2935,168.59
2936,142.34
2937,129.1
2938,169.51
2939,126.86
2940,133.14
2941,153.59
2942,126.34
2943,163.25
2944,140.96
2945,176.41
2946,127.61
2947,173.41
2948,144.56
2949,144.03
2950,122.68
2951,156.08
2952,148.93
2953,136.46
2954,154.79
2955,164.07
2956,132.6
2957,153.18
2958,138.17
2959,176.82
2960,156.31
2961,152
2962,151.89
2963,126.26
2964,170.86
2965,171.58
2966,144.21
2967,176.53
2968,139.57
2969,175.27
2970,140.23
2971,150.03
2972,176.12
2973,139.48
2974,158.11
2975,165.46
2976,149.96
2977,126.72
2978,154.58
2979,178.73
2980,159.89
2981,152.45
2982,141.92
2983,164.53
2984,164.33
2985,162.93
2986,173.37
2987,123.39
2988,138.26
2989,147.95
2990,141.98
2991,142.54
2992,130.71
2993,153.94
2994,128.42
2995,137.74
2996,152.05
2997,126.22
2998,144.13
2999,149.89
3000,128.62
3001,133.86
3002,140.06
3003,135.14
3004,128.11
3005,127.01
3006,145.01
3007,139.54
3008,175.22
3009,151.41
3010,158.13
3011,137.78
3012,170.26
3013,137.52
3014,134.66
3015,173.47
3016,124.88
3017,143.8
3018,146.08
3019,159.44
3020,163.02
3021,156.62
3022,125.42
3023,172.04
3024,122.5
3025,136.78
3026,156.6
3027,141.39
3028,126.5
3029,148.6
3030,123.49
3031,156.12
3032,130.76
3033,146.59
3034,159.84
3035,167.66
3036,164.13
3037,138.88
3038,152.17
3039,134.21
3040,135
3041,162.74
3042,136.27
3043,140.08
3044,144.81
3045,174.85
3046,127.78
3047,134.58
3048,139.91
3049,123.73
3050,123.72
3051,159.47
3052,170.82
3053,176.63
3054,130.08
3055,160.01
3056,177.88
3057,124.45
3058,142.3
3059,135.88
3060,167.49
3061,176.19
3062,167.48
3063,130.07
3064,178.3
3065,126.52
3066,153.22
3067,122.41
3068,177.36
3069,147.22
3070,177.6
3071,162.62
3072,167.37
3073,131.54
3074,176.86
3075,138.79
3076,176.36
3077,177.28
3078,170.4
3079,163.41
3080,159.21
3081,158.59
3082,159.49
3083,137
3084,129.03
3085,166.3
3086,130.79
3087,165.79
3088,133.21
3089,124.83
3090,144.31
3091,143.98
3092,135.25
3093,168.58
3094,150.25
3095,153.61
3096,172.69
3097,150.04
3098,163.13
3099,135.85
3100,179.83
3101,164.41
3102,169.96
3103,154.1
3104,164.27
3105,174.38
3106,172.07
3107,168.6
3108,143.21
3109,139.65
3110,168.66
3111,147.33
3112,165.15
3113,160.3
3114,173.27
3115,172.04
3116,173.6
3117,145.91
3118,177.23
3119,146.21
3120,124.3
3121,176.28
3122,124.04
3123,170.82
3124,166.99
3125,175.26
3126,166.24
3127,130.82
3128,167.94
3129,126.47
3130,159.44
3131,124.07
3132,152.15
3133,160.34
3134,134.03
3135,179.47
3136,172.98
3137,144.27
3138,149.05
3139,177.43
3140,138.85
3141,124.1
3142,158.09
3143,176.8
3144,151.43
3145,161.14
3146,160.04
3147,142.45
3148,152.8
3149,160.87
3150,137.24
3151,173.29
3152,179.74
3153,135.87
3154,139.06
3155,126.15
3156,149.53
3157,146.93
3158,126.53
3159,155.84
3160,155.03
3161,135.88
3162,167.52
3163,161.68
3164,145.77
3165,138.86
3166,135.83
3167,128.29
3168,132.43
3169,179.07
3170,169.66
3171,168.09
3172,158.57
3173,153.85
3174,145.79
3175,177.51
3176,166.05
3177,136.85
3178,158.09
3179,151.2
3180,139.83
3181,172.51
3182,148.11
3183,176.1
3184,156.31
3185,161.97
3186,173.96
3187,171.19
3188,141.47
3189,142.42
3190,145.9
3191,170.5
3192,127.47
3193,138.8
3194,127.78
3195,153.73
3196,157.52
3197,155.65
3198,155.57
3199,141.7
3200,153.34
3201,169.75
3202,123.89
3203,152.67
3204,170.21
3205,164.64
3206,178.17
3207,131.14
3208,159.38
3209,178.41
3210,132.3
3211,150.14
3212,162.07
3213,126.72
3214,173.07
3215,128.52
3216,126.98
3217,169.96
3218,150.56
3219,163.41
3220,175.97
3221,168.57
3222,145.48
3223,166.4
3224,133.66
3225,122.95
3226,167.21
3227,128.11
3228,175.32
3229,151.58
3230,146.31
3231,133.77
3232,134.93
3233,145.12
3234,128.18
3235,159.7
3236,164.08
3237,167.47
3238,135.32
3239,155.02
3240,122.05
3241,150.75
3242,160.64
3243,155.92
3244,153.75
3245,149.14
3246,176.55
3247,131.54
3248,147.55
3249,171.33
3250,177.43
3251,161.44
3252,127.28
3253,126.2
3254,153.29
3255,132.53
3256,174.81
3257,124.83
3258,179.18
3259,155.82
3260,171.45
3261,133.87
3262,135.39
3263,172.3
3264,168.76
3265,127.27
3266,161.82
3267,152.98
3268,164.35
3269,157
3270,158.81
3271,129.62
3272,153.71
3273,159.37
3274,135.41
3275,147.09
3276,147.83
3277,143.17
3278,135.87
3279,168
3280,152.66
3281,132.27
3282,129.1
3283,124.94
3284,172.72
3285,177.67
3286,143.27
3287,162.96
3288,158.15
3289,148.05
3290,160.86
3291,165.44
3292,139
3293,153.46
3294,157.89
3295,173.95
3296,136.07
3297,126.04
3298,124.56
3299,136.44
3300,173.13
3301,135.36
3302,155.43
3303,169.28
3304,171.95
3305,139.75
3306,161.85
3307,172.61
3308,129.78
3309,143.14
3310,155.07
3311,157.32
3312,142.19
3313,122.47
3314,179.09
3315,125.02
3316,135.88
3317,161.37
3318,179.88
3319,147.83
3320,149.21
3321,125.72
3322,166.92
3323,153.28
3324,176.58
3325,128.84
3326,153.04
3327,134.85
3328,164.85
3329,135.98
3330,171.75
3331,169.4
3332,169.33
3333,130.96
3334,156.96
3335,124.81
3336,170.26
3337,129.95
3338,152.22
3339,162.57
3340,168.43
3341,178.71
3342,145.72
3343,142.87
3344,145.15
3345,145.69
3346,125.62
3347,171.71
3348,133.74
3349,143.83
3350,138.37
3351,177.62
3352,174.21
3353,122.61
3354,124.58
3355,138.85
3356,147.27
3357,160.56
3358,139.27
3359,148.19
3360,154.67
3361,146.83
3362,171.81
3363,145.56
3364,133.48
3365,161.36
3366,133.67
3367,153.04
3368,145.87
3369,162
3370,125.74
3371,166.11
3372,139.13
3373,165.65
3374,126.17
3375,129.17
3376,152.19
3377,137.36
3378,161.16
3379,149.33
3380,164.64
3381,170.89
3382,128.87
3383,134.16
3384,151.49
3385,157.42
3386,127.7
3387,150.58
3388,169.84
3389,172.22
3390,175.97
3391,148.06
3392,135.55
3393,152.83
3394,147.34
3395,150.25
3396,154.51
3397,169.88
3398,175.36
3399,125.69
3400,151.68
3401,169.36
3402,160.16
3403,152.07
3404,163.42
3405,143.66
3406,127.7
3407,133.65
3408,145.9
3409,141.23
3410,176.28
3411,133.32
3412,135.71
3413,151.53
3414,159.29
3415,155.97
3416,151.21
3417,166.45
3418,168.6
3419,158.22
3420,125
3421,123.1
3422,124.27
3423,131.48
3424,173.97
3425,170.71
3426,167.04
3427,132.81
3428,177.13
3429,149.22
3430,137.93
3431,166.3
3432,150
3433,140.44
3434,125.25
3435,161.55
3436,174.41
3437,141.67
3438,131.54
3439,147.36
3440,167.95
3441,161.76
3442,141
3443,153.03
3444,160.94
3445,167.05
3446,172.97
3447,141.9
3448,139.96
3449,152.48
3450,146.54
3451,156.8
3452,151.24
3453,157.34
3454,155.03
3455,144.96
3456,161.09
3457,168.66
3458,160.67
3459,123.73
3460,128.91
3461,159.11
3462,124.6
3463,130.84
3464,138.85
3465,145.27
3466,128.44
3467,156.89
3468,141.63
3469,154.45
3470,158.76
3471,153.74
3472,131.79
3473,136.93
3474,127.5
3475,155.8
3476,134.75
3477,147.94
3478,163.31
3479,133.49
3480,152.94
3481,133.49
3482,179.77
3483,168.79
3484,142.86
3485,154.45
3486,126.02
3487,129.2
3488,141.16
3489,147.45
3490,137.65
3491,159.48
3492,132.02
3493,164.62
3494,124.88
3495,167.18
3496,163.12
3497,143.6
3498,175.17
3499,142.72
3500,127.25
3501,156.04
3502,135.68
3503,142.73
3504,173.9
3505,156.51
3506,163.37
3507,133.15
3508,150.81
3509,141.15
3510,149.02
3511,123
3512,168.24
3513,178.87
3514,165.7
3515,152.85
3516,134.11
3517,144.72
3518,128.57
3519,132.82
3520,169.35
3521,126.99
3522,149.65
3523,168.06
3524,136.36
3525,122.89
3526,146.63
3527,152.33
3528,123.47
3529,165.68
3530,172.37
3531,155.09
3532,131.89
3533,123.2
3534,130.42
3535,123.08
3536,161.55
3537,144.93
3538,161.78
3539,155.86
3540,175.91
3541,131.36
3542,128.67
3543,171.47
3544,170.63
3545,177.9
3546,154.07
3547,132.07
3548,171.99
3549,169.21
3550,173.54
3551,149.88
3552,179.76
3553,163.73
3554,167.91
3555,158.05
3556,142.63
3557,136.07
3558,146.6
3559,128.03
3560,171.61
3561,150.47
3562,124.21
3563,161.87
3564,133.26
3565,162.93
3566,128.79
3567,153.55
3568,145.72
3569,172.81
3570,155.17
3571,155.25
3572,123.11
3573,171.57
3574,170.72
3575,152.16
3576,160.54
3577,130.54
3578,144.84
3579,158.9
3580,166.04
3581,127.73
3582,177.66
3583,132.18
3584,140.52
3585,156.74
3586,160.46
3587,144.58
3588,179.91
3589,129.7
3590,150.19
3591,155.17
3592,168.63
3593,139.58
3594,136.64
3595,127.7
3596,133.33
3597,136.48
3598,165.51
3599,157.2
3600,128.74
3601,166.16
3602,140.73
3603,124.66
3604,175.14
3605,147.24
3606,146.14
3607,128.97
3608,134.41
3609,165.03
3610,147.63
3611,156.44
3612,144.98
3613,139.06
3614,168.31
3615,155.85
3616,135.16
3617,170.22
3618,169.07
3619,143.51
3620,172.68
3621,176.3
3622,138.7
3623,175.59
3624,152.11
3625,150.48
3626,149.43
3627,173.76
3628,134.86
3629,140.87
3630,156.07
3631,175.03
3632,172.21
3633,168.77
3634,165.16
3635,167.71
3636,123.26
3637,129.47
3638,123.56
3639,154.9
3640,174.89
3641,128.51
3642,164.93
3643,135.06
3644,162.17
3645,151.99
3646,153.66
3647,142.44
3648,140.45
3649,161.67
3650,165.62
3651,139.91
3652,138.31
3653,145.5
3654,176.12
3655,177.04
3656,168.47
3657,170.18
3658,145.63
3659,172.9
3660,134.21
3661,142.15
3662,136.78
3663,161.8
3664,150.46
3665,165.17
3666,167.77
3667,134.71
3668,122.32
3669,151.97
3670,150.91
3671,148.09
3672,177.28
3673,179.65
3674,147.89
3675,125.61
3676,131.86
3677,172.16
3678,136.54
3679,173.46
3680,122.89
3681,178.27
3682,129.34
3683,178.41
3684,145.31
3685,146.4
3686,138.59
3687,178.71
3688,163.32
3689,142.41
3690,178.27
3691,131.15
3692,135.54
3693,136.39
3694,178.95
3695,124.06
3696,125.93
3697,173.22
3698,125.69
3699,177.04
3700,173.22
3701,165.03
3702,151.44
3703,123.13
3704,135.68
3705,170.11
3706,122.65
3707,140.06
3708,149.86
3709,152.03
3710,134.24
3711,131.48
3712,141.34
3713,122
3714,139.69
3715,170.04
3716,170.79
3717,160.5
3718,157.44
3719,123.4
3720,122.32
3721,151.48
3722,123.98
3723,129.26
3724,156.8
3725,125.17
3726,174.01
3727,153.43
3728,175.36
3729,164.2
3730,179.58
3731,132.59
3732,140.38
3733,165.64
3734,169.96
3735,175.3
3736,178.97
3737,144.11
3738,144.8
3739,145.79
3740,157.31
3741,129.72
3742,174.97
3743,177.35
3744,148.71
3745,150.34
3746,149.2
3747,123.94
3748,156.54
3749,129.13
3750,147.93
3751,155.12
3752,133.41
3753,126.11
3754,141.17
3755,128.23
3756,170.51
3757,130.52
3758,138.67
3759,130.69
3760,156.2
3761,152.27
3762,155.41
3763,130.47
3764,171.31
3765,174.89
3766,162.63
3767,142.86
3768,150.46
3769,130.23
3770,173.49
3771,122.69
3772,128.04
3773,148.74
3774,147.18
3775,127.7
3776,127.86
3777,132.48
3778,123.94
3779,131.44
3780,133.24
3781,138.61
3782,166.38
3783,146.18
3784,131.04
3785,151.18
3786,149.48
3787,136.07
3788,151.7
3789,137.86
3790,123.34
3791,167.33
3792,126.75
3793,138.81
3794,130.16
3795,167.23
3796,152.54
3797,158.29
3798,138.5
3799,165.31
3800,159.67
3801,124.98
3802,153.15
3803,132.96
3804,123.81
3805,162.48
3806,127.33
3807,137.63
3808,151.34
3809,176.52
3810,164.11
3811,164.3
3812,132.18
3813,139.74
3814,128.38
3815,155.83
3816,178.82
3817,149.28
3818,162.4
3819,163.7
3820,139.48
3821,137.3
3822,174.63
3823,178.6
3824,159.63
3825,160.31
3826,126.28
3827,136.37
3828,137.82
3829,171.77
3830,172.72
3831,176.61
3832,122.54
3833,177.32
3834,162.54
3835,134.7
3836,143.55
3837,142.91
3838,154.28
3839,151.12
3840,122.05
3841,172.7
3842,145.35
3843,152.94
3844,124.85
3845,133.15
3846,175.55
3847,147.76
3848,177.61
3849,148.71
3850,129.97
3851,154.08
3852,153.8
3853,173.71
3854,174.22
3855,141.22
3856,133.3
3857,128.31
3858,157.24
3859,170.1
3860,164.51
3861,146.84
3862,122.68
3863,131.18
3864,170.1
3865,179.01
3866,172.39
3867,150.49
3868,140.46
3869,161.2
3870,163.55
3871,150.48
3872,156.62
3873,150.74
3874,165.17
3875,126.42
3876,152.56
3877,123.08
3878,130.99
3879,166.85
3880,169.5
3881,146.77
3882,166.97
3883,134.98
3884,162.5
3885,174.47
3886,177.65
3887,159.83
3888,150.74
3889,176.68
3890,122.42
3891,133.31
3892,131.75
3893,160.11
3894,162.18
3895,153.31
3896,169.52
3897,156.55
3898,134.9
3899,171.47
3900,176.03
3901,158.21
3902,164.26
3903,129.13
3904,166.62
3905,155.22
3906,146.74
3907,151.13
3908,174.26
3909,148.66
3910,173.41
3911,131.07
3912,177.49
3913,139.26
3914,175.16
3915,146.1
3916,171.71
3917,126.12
3918,146.99
3919,128.45
3920,133.77
3921,157.53
3922,179.53
3923,169.64
3924,162.75
3925,128.22
3926,136.75
3927,145.76
3928,128.66
3929,134.3
3930,128.5
3931,174.85
3932,124.91
3933,170.41
3934,130.2
3935,166.69
3936,161.89
3937,164.88
3938,168.98
3939,140.43
3940,169.65
3941,131.29
3942,172.12
3943,176.1
3944,148.82
3945,178.44
3946,159.56
3947,144.71
3948,157.19
3949,167.23
3950,155.54
3951,179.43
3952,146.57
3953,151.98
3954,130.8
3955,142.57
3956,149.37
3957,148.72
3958,176.18
3959,171.96
3960,139.04
3961,152.6
3962,177.71
3963,128.8
3964,135.27
3965,122.67
3966,133.29
3967,167.84
3968,171.45
3969,129.69
3970,147.38
3971,130.92
3972,143.95
3973,176.77
3974,155.57
3975,162.57
3976,127.79
3977,175.64
3978,179.12
3979,142.07
3980,163.65
3981,156
3982,174.38
3983,122.18
3984,122.9
3985,151.32
3986,131.79
3987,135.67
3988,170.14
3989,142.35
3990,135.82
3991,140.96
3992,137.44
3993,126.77
3994,144.55
3995,156.67
3996,138.34
3997,138.4
3998,159.03
3999,135.51
4000,163.39
4001,143.06
4002,162.92
4003,175.35
4004,162.45
4005,135.35
4006,161.57
4007,173.81
4008,161.65
4009,139.56
4010,153.84
4011,164.06
4012,176.1
4013,125.01
4014,124.17
4015,171.05
4016,173.15
4017,141.24
4018,136.91
4019,124.01
4020,122.76
4021,172.61
4022,139.83
4023,136.95
4024,176.25
4025,150.69
4026,160.31
4027,131.54
4028,164.88
4029,175.4
4030,165.04
4031,139.75
4032,177.02
4033,128.59
4034,148.38
4035,137.99
4036,174.91
4037,168.77
4038,132.65
4039,145.71
4040,176.19
4041,157.32
4042,154.35
4043,140.05
4044,156.72
4045,128.29
4046,127.32
4047,125.45
4048,175.68
4049,146.51
4050,165.31
4051,125.07
4052,162.84
4053,125.22
4054,137.81
4055,152.57
4056,177.51
4057,140.84
4058,124.24
4059,163.64
4060,130.66
4061,123.47
4062,131.56
4063,135.86
4064,122.28
4065,156.02
4066,172.94
4067,164.33
4068,175.12
4069,172.68
4070,127.41
4071,134.18
4072,135.86
4073,132.88
4074,166.72
4075,135.3
4076,167.84
4077,153.17
4078,152.22
4079,179.02
4080,162.41
4081,160.46
4082,162.26
4083,158.46
4084,132.37
4085,147.88
4086,141.59
4087,167.64
4088,175.82
4089,131.76
4090,140.4
4091,148.07
4092,137.01
4093,152.37
4094,152.27
4095,179.19
4096,175.85
4097,157.88
4098,150.98
4099,155.11
4100,174.92
4101,139.49
4102,177.91
4103,128.36
4104,179.69
4105,161.37
4106,140.85
4107,131.84
4108,154.97
4109,167.18
4110,151.65
4111,172.01
4112,135.71
4113,147.83
4114,140.26
4115,156.02
4116,148.43
4117,172.67
4118,147.48
4119,141.18
4120,143.09
4121,168.63
4122,146.41
4123,163.64
4124,126.51
4125,124.62
4126,138.2
4127,175.46
4128,177.1
4129,143.97
4130,162.08
4131,125.14
4132,167.62
4133,126.52
4134,143.4
4135,146.28
4136,135.67
4137,156.23
4138,158.39
4139,130.18
4140,176.47
4141,160.52
4142,150.22
4143,153.37
4144,157.3
4145,160.45
4146,175.45
4147,173.35
4148,129.27
4149,132.94
4150,137.63
4151,133.41
4152,162.01
4153,162.95
4154,136.83
4155,173.62
4156,139.11
4157,158.95
4158,135.5
4159,170.32
4160,167.29
4161,131.53
4162,163.77
4163,155.89
4164,128.33
4165,144.9
4166,142.22
4167,132.58
4168,166.75
4169,133.14
4170,140.23
4171,125.17
4172,170.87
4173,168.34
4174,150.99
4175,166.59
4176,147.6
4177,134.77
4178,169.25
4179,155.99
4180,169.09
4181,145.81
4182,135.95
4183,135.12
4184,137.84
4185,133.8
4186,158.47
4187,137.63
4188,141.37
4189,155.94
4190,165.23
4191,147.34
4192,165.48
4193,141.81
4194,160.46
4195,137.45
4196,164.47
4197,176.2
4198,142.49
4199,162.58
4200,146.99
4201,152.55
4202,163.62
4203,153.86
4204,158.65
4205,166.5
4206,137.26
4207,146.25
4208,142.28
4209,162.14
4210,151
4211,125.08
4212,169.98
4213,162.81
4214,155.7
4215,178.49
4216,134.85
4217,169.71
4218,137.12
4219,143.5
4220,171.04
4221,173.81
4222,179.15
4223,175.68
4224,127.99
4225,158.62
4226,172.06
4227,177.6
4228,158.36
4229,176.12
4230,140.77
4231,157.3
4232,144.94
4233,166.36
4234,162.93
4235,153.74
4236,126.62
4237,132.71
4238,148.48
4239,167.52
4240,178.91
4241,165.24
4242,122.01
4243,161.92
4244,177.87
4245,175.57
4246,124.35
4247,170.22
4248,155.18
4249,139.14
4250,125.11
4251,177.11
4252,170.68
4253,124.42
4254,144.36
4255,141.19
4256,158.93
4257,141.7
4258,124.78
4259,159.41
4260,163.85
4261,167.37
4262,125.2
4263,133.81
4264,174.97
4265,129.6
4266,166.39
4267,124.31
4268,171.31
4269,154.18
4270,159.56
4271,128.67
4272,123.06
4273,165.72
4274,135.84
4275,145.88
4276,126.43
4277,127.85
4278,127.67
4279,150.56
4280,151.84
4281,150.43
4282,127.27
4283,160.49
4284,160.23
4285,156.51
4286,141.49
4287,168.94
4288,133.29
4289,143.29
4290,126.07
4291,128.33
4292,152.22
4293,144.54
4294,137.52
4295,168.64
4296,159.1
4297,138.63
4298,144.52
4299,158
4300,168.71
4301,154.83
4302,129.78
4303,156.28
4304,169.26
4305,174.12
4306,150.96
4307,134.35
4308,128.13
4309,144.2
4310,170.66
4311,149.47
4312,157.07
4313,179.37
4314,149.97
4315,142.44
4316,133.96
4317,145.02
4318,168.5
4319,136.35
4320,175.71
4321,149.65
4322,126.15
4323,167.79
4324,135.15
4325,178.12
4326,132.15
4327,152.54
4328,147.91
4329,174.51
4330,137.73
4331,131.16
4332,173.87
4333,147.5
4334,169.28
4335,124.05
4336,152.76
4337,178.92
4338,175.76
4339,168.12
4340,164.61
4341,143.53
4342,173.6
4343,139.51
4344,123.28
4345,155.68
4346,161.89
4347,123.86
4348,152.58
4349,138.11
4350,132.12
4351,175.13
4352,124.38
4353,155.29
4354,153.44
4355,149.23
4356,140.16
4357,179.71
4358,170.06
4359,152.5
4360,133.39
4361,166.19
4362,152.28
4363,153.76
4364,173.04
4365,173.57
4366,161.71
4367,155.15
4368,157.23
4369,143.45
4370,160.54
4371,141.96
4372,144.82
4373,150.15
4374,157.3
4375,173.73
4376,161.05
4377,171.53
4378,125.34
4379,178.99
4380,137.69
4381,144.01
4382,156.22
4383,145.03
4384,137.43
4385,134.92
4386,127.74
4387,174.68
4388,178.75
4389,166.59
4390,171
4391,139.07
4392,138.51
4393,157.94
4394,168.15
4395,159.72
4396,159.41
4397,178.66
4398,129.62
4399,169.39
4400,167.59
4401,136
4402,127.21
4403,142.84
4404,165.67
4405,129.51
4406,177.06
4407,175.54
4408,145.18
4409,141.53
4410,130.4
4411,161
4412,153.66
4413,162.94
4414,168.26
4415,146.97
4416,168.56
4417,177.1
4418,167.11
4419,174.35
4420,122.77
4421,176.1
4422,137.66
4423,125.18
4424,159.03
4425,156.37
4426,148.72
4427,170.36
4428,170.84
4429,172.32
4430,142.86
4431,158.47
4432,153.72
4433,168.79
4434,155.06
4435,157.89
4436,123.96
4437,151.79
4438,126.78
4439,168.5
4440,167.73
4441,122.39
4442,176.57
4443,133.29
4444,150.29
4445,174.62
4446,122.47
4447,176.26
4448,170.25
4449,146.01
4450,132.51
4451,152.22
4452,174.92
4453,127.4
4454,175.29
4455,151.86
4456,138.52
4457,136.96
4458,155.28
4459,134.86
4460,170.25
4461,139.66
4462,148.51
4463,163.12
4464,136.25
4465,130.93
4466,146.05
4467,136.18
4468,146.46
4469,127.97
4470,145.07
4471,135.08
4472,128.53
4473,158.66
4474,128.64
4475,155.96
4476,150.54
4477,127.59
4478,140.16
4479,179.92
4480,152.27
4481,161.25
4482,142.43
4483,126.5
4484,136.25
4485,178.01
4486,141.22
4487,155.84
4488,150.6
4489,148.38
4490,150.37
4491,144.49
4492,139.07
4493,129.38
4494,125.04
4495,175.95
4496,132.28
4497,134.74
4498,147.37
4499,158.17
4500,174.1
4501,155.29
4502,134.22
4503,172.69
4504,149.8
4505,162.84
4506,135.37
4507,174.1
4508,171.07
4509,168.42
4510,149.31
4511,157.6
4512,159.7
4513,163.14
4514,178.89
4515,178.45
4516,178.59
4517,139.07
4518,123.76
4519,158.93
4520,145.74
4521,150.64
4522,168.66
4523,141.55
4524,170.28
4525,168.55
4526,155.39
4527,174.19
4528,132.08
4529,134.65
4530,153.01
4531,175.67
4532,165.9
4533,162.63
4534,138.35
4535,130.91
4536,150.47
4537,154.43
4538,136.18
4539,139.28
4540,175.12
4541,171.29
4542,179.05
4543,165.11
4544,141.78
4545,171.56
4546,159.2
4547,131.3
4548,160.6
4549,128.74
4550,136.11
4551,146.54
4552,157.43
4553,170.84
4554,157.74
4555,132.42
4556,160.06
4557,163.23
4558,167.32
4559,149.1
4560,153.89
4561,163.92
4562,134.68
4563,148.86
4564,135.47
4565,157.56
4566,170.17
4567,175.86
4568,150.12
4569,157.96
4570,126.44
4571,126.07
4572,140.71
4573,170.34
4574,139.39
4575,144.35
4576,158.53
4577,173.61
4578,168.84
4579,148.22
4580,174.75
4581,129.97
4582,161
4583,164.01
4584,138.47
4585,163.17
4586,178.49
4587,127.46
4588,122.19
4589,171.69
4590,126.88
4591,154.28
4592,176.97
4593,147.16
4594,162.37
4595,168.75
4596,135.66
4597,174.05
4598,168
4599,143.41
4600,153.67
4601,168.6
4602,138.75
4603,135.49
4604,144.09
4605,175.32
4606,172.65
4607,125.97
4608,135.22
4609,135.92
4610,131.46
4611,131.42
4612,129.7
4613,158.74
4614,154.05
4615,173.52
4616,166.32
4617,123.29
4618,177.91
4619,140.99
4620,127.74
4621,154.68
4622,157.5
4623,134.69
4624,149.36
4625,152.05
4626,157.63
4627,128.17
4628,168
4629,133.85
4630,158.58
4631,171.86
4632,126.02
4633,175.72
4634,171.26
4635,157.36
4636,174.26
4637,129.99
4638,140.28
4639,165.74
4640,142.34
4641,178.79
4642,144.61
4643,169.28
4644,137.02
4645,131.82
4646,166.68
4647,158.11
4648,132.19
4649,132.98
4650,132.18
4651,164.79
4652,177.7
4653,175.6
4654,154.1
4655,135.37
4656,150.92
4657,144.91
4658,170.43
4659,172.94
4660,177.58
4661,122.3
4662,177.67
4663,176.1
4664,127.22
4665,143.74
4666,175.36
4667,172.5
4668,134.08
4669,133.93
4670,174.78
4671,175.58
4672,156.13
4673,146.72
4674,150.23
4675,177.48
4676,147.32
4677,133.08
4678,148
4679,177.42
4680,176.43
4681,124.64
4682,135.37
4683,155.33
4684,140.59
4685,178.66
4686,159.08
4687,124.68
4688,144.41
4689,179.83
4690,158.81
4691,168.14
4692,129.31
4693,157.55
4694,149.98
4695,163.61
4696,156.69
4697,158.59
4698,141.59
4699,148.64
4700,175.1
4701,144.61
4702,138.79
4703,132.93
4704,130.96
4705,164.07
4706,174.69
4707,153.94
4708,158.51
4709,141.54
4710,127.82
4711,164.72
4712,179.81
4713,126.35
4714,133.5
4715,164.1
4716,171.53
4717,179.38
4718,151.86
4719,128.14
4720,127.87
4721,159.82
4722,141.39
4723,131.48
4724,162.68
4725,155.44
4726,154.58
4727,163.34
4728,156.98
4729,155.1
4730,161.16
4731,171.92
4732,168.54
4733,137.06
4734,157.37
4735,138.48
4736,167.39
4737,147.02
4738,177.31
4739,144.55
4740,129.52
4741,125.47
4742,126.08
4743,143.23
4744,125.3
4745,169.5
4746,143.51
4747,163.8
4748,131.15
4749,127.79
4750,156.09
4751,123.24
4752,166.53
4753,160.12
4754,154.12
4755,146.56
4756,168.12
4757,151.35
4758,156.19
4759,159.56
4760,149.15
4761,160.3
4762,145.75
4763,122.53
4764,144.77
4765,127.7
4766,149.56
4767,130.52
4768,138.61
4769,177.05
4770,141.68
4771,128.83
4772,131.52
4773,169.98
4774,138.34
4775,138.6
4776,129.63
4777,123.78
4778,159.16
4779,152.41
4780,149.73
4781,158.76
4782,153.47
4783,139.59
4784,162.39
4785,165.65
4786,152.65
4787,167.96
4788,143.77
4789,125.25
4790,151.31
4791,160.16
4792,154.56
4793,131.7
4794,166.96
4795,127.03
4796,124.14
4797,139.41
4798,130.82
4799,151.71
4800,144.35
4801,169.2
4802,164.74
4803,147.27
4804,125.15
4805,134.79
4806,148.25
4807,123.59
4808,133.94
4809,153.36
4810,139.13
4811,145.3
4812,139.67
4813,143.58
4814,161.47
4815,140.21
4816,146.2
4817,157.09
4818,160.85
4819,162.12
4820,176.17
4821,122.9
4822,148.8
4823,144.6
4824,133.13
4825,156.33
4826,160.97
4827,157.54
4828,178.79
4829,151.3
4830,157.7
4831,132.21
4832,126.07
4833,162.07
4834,139.79
4835,140.13
4836,178.56
4837,163.73
4838,173.95
4839,177.09
4840,166.15
4841,137.62
4842,134.31
4843,167.4
4844,144.84
4845,163.45
4846,131.08
4847,179.9
4848,148.27
4849,127.42
4850,169.74
4851,171.97
4852,140.92
4853,126.97
4854,122.16
4855,136.61
4856,144.24
4857,140.92
4858,129.06
4859,130.52
4860,165.09
4861,146.42
4862,178.03
4863,134.81
4864,170.3
4865,138.44
4866,126.05
4867,132.68
4868,160.74
4869,135.03
4870,160.88
4871,169.12
4872,151.91
4873,148.71
4874,150.83
4875,137.94
4876,153.51
4877,126.88
4878,159.74
4879,174.74
4880,136.43
4881,155.67
4882,131.45
4883,140.9
4884,179.88
4885,140.06
4886,170.34
4887,142.58
4888,174.91
4889,177.25
4890,177.32
4891,138.91
4892,158.32
4893,160.58
4894,142.89
4895,130.84
4896,143.35
4897,134.01
4898,160.62
4899,163.54
4900,132.09
4901,143.25
4902,125.19
4903,175.09
4904,169.17
4905,148.09
4906,139.32
4907,161.6
4908,158.76
4909,160.88
4910,138.01
4911,151.77
4912,131.35
4913,158.71
4914,129.2
4915,139.54
4916,134.52
4917,140.02
4918,174.41
4919,177.83
4920,149.16
4921,134.24
4922,173.38
4923,122.7
4924,137.62
4925,155
4926,140.49
4927,168.47
4928,170.2
4929,174.26
4930,147.69
4931,162.2
4932,161.13
4933,150.32
4934,158.44
4935,160.21
4936,151.5
4937,130.37
4938,147.07
4939,165.35
4940,124.95
4941,171.9
4942,133.46
4943,151.65
4944,161.02
4945,129.79
4946,127.89
4947,151.07
4948,178.49
4949,179.27
4950,134.77
4951,150.14
4952,151.24
4953,136.43
4954,132.29
4955,167.97
4956,134.85
4957,148.55
4958,123.36
4959,164.54
4960,151.6
4961,136.07
4962,139.72
4963,171.02
4964,130.9
4965,155.96
4966,157.1
4967,161.52
4968,145.39
4969,164.98
4970,137.43
4971,130.15
4972,175.41
4973,126.13
4974,129.63
4975,176.47
4976,163.73
4977,146.77
4978,169.08
4979,157.15
4980,143.55
4981,156.3
4982,133.03
4983,156.07
4984,145.73
4985,160.19
4986,142.69
4987,157.17
4988,133.45
4989,127.22
4990,172.45
4991,179.64
4992,177.42
4993,151.15
4994,159.18
4995,174.86
4996,123.78
4997,169.16
4998,160.62
4999,178.06
5000,127.83
